{
  "sweep_results": [
    {
      "parameters": {
        "n_clusters": 10,
        "k_children": 500,
        "child_search_ef": 500
      },
      "construction_time": 4.159948348999023,
      "evaluations": [
        {
          "recall_at_k": 0.81,
          "total_correct": 81,
          "total_expected": 100,
          "individual_recalls": [
            1.0,
            1.0,
            0.2,
            1.0,
            0.6,
            1.0,
            1.0,
            0.8,
            1.0,
            0.5
          ],
          "avg_individual_recall": 0.8100000000000002,
          "std_individual_recall": 0.26999999999999996,
          "avg_query_time_ms": 4.50892448425293,
          "std_query_time_ms": 4.497460546231239,
          "total_evaluation_time": 0.0450892448425293,
          "k": 10,
          "n_probe": 5,
          "system_stats": {
            "n_clusters": 10,
            "k_children": 500,
            "child_search_ef": 500,
            "kmeans_fit_time": 3.966252565383911,
            "child_mapping_time": 0.17767739295959473,
            "total_construction_time": 4.1549365520477295,
            "num_children": 2800,
            "avg_children_per_centroid": 280.0,
            "coverage_fraction": 0.56,
            "avg_search_time_ms": 4.50892448425293,
            "avg_candidate_size": 1329.0,
            "avg_jaccard_overlap": 0.1309156091481286,
            "std_jaccard_overlap": 0.15614059125614888,
            "max_jaccard_overlap": 0.5313935681470138,
            "overlap_samples": 45,
            "kmeans_inertia": 8.080142948526427e+22,
            "kmeans_iterations": 35,
            "cluster_size_stats": {
              "avg": 500.0,
              "std": 257.1855361407402,
              "min": 124,
              "max": 918
            }
          }
        },
        {
          "recall_at_k": 0.82,
          "total_correct": 82,
          "total_expected": 100,
          "individual_recalls": [
            1.0,
            1.0,
            0.2,
            1.0,
            0.6,
            1.0,
            1.0,
            0.9,
            1.0,
            0.5
          ],
          "avg_individual_recall": 0.82,
          "std_individual_recall": 0.2712931993250107,
          "avg_query_time_ms": 7.865190505981445,
          "std_query_time_ms": 11.72865486367976,
          "total_evaluation_time": 0.07865190505981445,
          "k": 10,
          "n_probe": 10,
          "system_stats": {
            "n_clusters": 10,
            "k_children": 500,
            "child_search_ef": 500,
            "kmeans_fit_time": 3.966252565383911,
            "child_mapping_time": 0.17767739295959473,
            "total_construction_time": 4.1549365520477295,
            "num_children": 2800,
            "avg_children_per_centroid": 280.0,
            "coverage_fraction": 0.56,
            "avg_search_time_ms": 6.1870574951171875,
            "avg_candidate_size": 2064.5,
            "avg_jaccard_overlap": 0.1309156091481286,
            "std_jaccard_overlap": 0.15614059125614888,
            "max_jaccard_overlap": 0.5313935681470138,
            "overlap_samples": 45,
            "kmeans_inertia": 8.080142948526427e+22,
            "kmeans_iterations": 35,
            "cluster_size_stats": {
              "avg": 500.0,
              "std": 257.1855361407402,
              "min": 124,
              "max": 918
            }
          }
        },
        {
          "recall_at_k": 0.82,
          "total_correct": 82,
          "total_expected": 100,
          "individual_recalls": [
            1.0,
            1.0,
            0.2,
            1.0,
            0.6,
            1.0,
            1.0,
            0.9,
            1.0,
            0.5
          ],
          "avg_individual_recall": 0.82,
          "std_individual_recall": 0.2712931993250107,
          "avg_query_time_ms": 6.999373435974121,
          "std_query_time_ms": 11.34330486637822,
          "total_evaluation_time": 0.06999373435974121,
          "k": 10,
          "n_probe": 20,
          "system_stats": {
            "n_clusters": 10,
            "k_children": 500,
            "child_search_ef": 500,
            "kmeans_fit_time": 3.966252565383911,
            "child_mapping_time": 0.17767739295959473,
            "total_construction_time": 4.1549365520477295,
            "num_children": 2800,
            "avg_children_per_centroid": 280.0,
            "coverage_fraction": 0.56,
            "avg_search_time_ms": 6.457829475402832,
            "avg_candidate_size": 2309.6666666666665,
            "avg_jaccard_overlap": 0.1309156091481286,
            "std_jaccard_overlap": 0.15614059125614888,
            "max_jaccard_overlap": 0.5313935681470138,
            "overlap_samples": 45,
            "kmeans_inertia": 8.080142948526427e+22,
            "kmeans_iterations": 35,
            "cluster_size_stats": {
              "avg": 500.0,
              "std": 257.1855361407402,
              "min": 124,
              "max": 918
            }
          }
        }
      ]
    }
  ],
  "optimal_parameters": {
    "parameters": {
      "n_clusters": 10,
      "k_children": 500,
      "child_search_ef": 500
    },
    "performance": {
      "recall_at_k": 0.82,
      "total_correct": 82,
      "total_expected": 100,
      "individual_recalls": [
        1.0,
        1.0,
        0.2,
        1.0,
        0.6,
        1.0,
        1.0,
        0.9,
        1.0,
        0.5
      ],
      "avg_individual_recall": 0.82,
      "std_individual_recall": 0.2712931993250107,
      "avg_query_time_ms": 7.865190505981445,
      "std_query_time_ms": 11.72865486367976,
      "total_evaluation_time": 0.07865190505981445,
      "k": 10,
      "n_probe": 10,
      "system_stats": {
        "n_clusters": 10,
        "k_children": 500,
        "child_search_ef": 500,
        "kmeans_fit_time": 3.966252565383911,
        "child_mapping_time": 0.17767739295959473,
        "total_construction_time": 4.1549365520477295,
        "num_children": 2800,
        "avg_children_per_centroid": 280.0,
        "coverage_fraction": 0.56,
        "avg_search_time_ms": 6.1870574951171875,
        "avg_candidate_size": 2064.5,
        "avg_jaccard_overlap": 0.1309156091481286,
        "std_jaccard_overlap": 0.15614059125614888,
        "max_jaccard_overlap": 0.5313935681470138,
        "overlap_samples": 45,
        "kmeans_inertia": 8.080142948526427e+22,
        "kmeans_iterations": 35,
        "cluster_size_stats": {
          "avg": 500.0,
          "std": 257.1855361407402,
          "min": 124,
          "max": 918
        }
      }
    },
    "construction_time": 4.159948348999023
  },
  "baseline_comparison": {
    "kmeans_hnsw": {
      "recall_at_k": 0.82,
      "total_correct": 82,
      "total_expected": 100,
      "individual_recalls": [
        1.0,
        1.0,
        0.2,
        1.0,
        0.6,
        1.0,
        1.0,
        0.9,
        1.0,
        0.5
      ],
      "avg_individual_recall": 0.82,
      "std_individual_recall": 0.2712931993250107,
      "avg_query_time_ms": 6.533288955688477,
      "std_query_time_ms": 6.852287262733594,
      "total_evaluation_time": 0.06533288955688477,
      "k": 10,
      "n_probe": 10,
      "system_stats": {
        "n_clusters": 10,
        "k_children": 500,
        "child_search_ef": 500,
        "kmeans_fit_time": 3.921504259109497,
        "child_mapping_time": 0.23144888877868652,
        "total_construction_time": 4.1677634716033936,
        "num_children": 2800,
        "avg_children_per_centroid": 280.0,
        "coverage_fraction": 0.56,
        "avg_search_time_ms": 6.533288955688477,
        "avg_candidate_size": 2800.0,
        "avg_jaccard_overlap": 0.1309156091481286,
        "std_jaccard_overlap": 0.15614059125614888,
        "max_jaccard_overlap": 0.5313935681470138,
        "overlap_samples": 45,
        "kmeans_inertia": 8.080142948526427e+22,
        "kmeans_iterations": 35,